id,name,email,phone,gender
1,Customer_1,customer1@example.com,+12345670001,Female
2,Customer_2,customer2@example.com,+12345670002,Female
3,Customer_3,customer3@example.com,+12345670003,Male
4,Customer_4,customer4@example.com,+12345670004,Male
5,Customer_5,customer5@example.com,+12345670005,Female
6,Customer_6,customer6@example.com,+12345670006,Female
7,Customer_7,customer7@example.com,+12345670007,Female
8,Customer_8,customer8@example.com,+12345670008,Male
9,Customer_9,customer9@example.com,+12345670009,Male
10,Customer_10,customer10@example.com,+12345670010,Female
11,Customer_11,customer11@example.com,+12345670011,Female
12,Customer_12,customer12@example.com,+12345670012,Male
13,Customer_13,customer13@example.com,+12345670013,Female
14,Customer_14,customer14@example.com,+12345670014,Female
15,Customer_15,customer15@example.com,+12345670015,Male
16,Customer_16,customer16@example.com,+12345670016,Male
17,Customer_17,customer17@example.com,+12345670017,Male
18,Customer_18,customer18@example.com,+12345670018,Female
19,Customer_19,customer19@example.com,+12345670019,Female
20,Customer_20,customer20@example.com,+12345670020,Female
21,Customer_21,customer21@example.com,+12345670021,Female
22,Customer_22,customer22@example.com,+12345670022,Male
23,Customer_23,customer23@example.com,+12345670023,Female
24,Customer_24,customer24@example.com,+12345670024,Male
25,Customer_25,customer25@example.com,+12345670025,Female
26,Customer_26,customer26@example.com,+12345670026,Female
27,Customer_27,customer27@example.com,+12345670027,Female
28,Customer_28,customer28@example.com,+12345670028,Male
29,Customer_29,customer29@example.com,+12345670029,Female
30,Customer_30,customer30@example.com,+12345670030,Female
31,Customer_31,customer31@example.com,+12345670031,Female
32,Customer_32,customer32@example.com,+12345670032,Female
33,Customer_33,customer33@example.com,+12345670033,Male
34,Customer_34,customer34@example.com,+12345670034,Female
35,Customer_35,customer35@example.com,+12345670035,Female
36,Customer_36,customer36@example.com,+12345670036,Male
37,Customer_37,customer37@example.com,+12345670037,Female
38,Customer_38,customer38@example.com,+12345670038,Female
39,Customer_39,customer39@example.com,+12345670039,Male
40,Customer_40,customer40@example.com,+12345670040,Male
41,Customer_41,customer41@example.com,+12345670041,Male
42,Customer_42,customer42@example.com,+12345670042,Male
43,Customer_43,customer43@example.com,+12345670043,Female
44,Customer_44,customer44@example.com,+12345670044,Female
45,Customer_45,customer45@example.com,+12345670045,Female
46,Customer_46,customer46@example.com,+12345670046,Female
47,Customer_47,customer47@example.com,+12345670047,Female
48,Customer_48,customer48@example.com,+12345670048,Male
49,Customer_49,customer49@example.com,+12345670049,Female
50,Customer_50,customer50@example.com,+12345670050,Male
51,Customer_51,customer51@example.com,+12345670051,Male
52,Customer_52,customer52@example.com,+12345670052,Female
53,Customer_53,customer53@example.com,+12345670053,Female
54,Customer_54,customer54@example.com,+12345670054,Female
55,Customer_55,customer55@example.com,+12345670055,Male
56,Customer_56,customer56@example.com,+12345670056,Male
57,Customer_57,customer57@example.com,+12345670057,Female
58,Customer_58,customer58@example.com,+12345670058,Female
59,Customer_59,customer59@example.com,+12345670059,Male
60,Customer_60,customer60@example.com,+12345670060,Male
61,Customer_61,customer61@example.com,+12345670061,Female
62,Customer_62,customer62@example.com,+12345670062,Male
63,Customer_63,customer63@example.com,+12345670063,Female
64,Customer_64,customer64@example.com,+12345670064,Male
65,Customer_65,customer65@example.com,+12345670065,Female
66,Customer_66,customer66@example.com,+12345670066,Male
67,Customer_67,customer67@example.com,+12345670067,Male
68,Customer_68,customer68@example.com,+12345670068,Female
69,Customer_69,customer69@example.com,+12345670069,Female
70,Customer_70,customer70@example.com,+12345670070,Female
71,Customer_71,customer71@example.com,+12345670071,Female
72,Customer_72,customer72@example.com,+12345670072,Male
73,Customer_73,customer73@example.com,+12345670073,Female
74,Customer_74,customer74@example.com,+12345670074,Female
75,Customer_75,customer75@example.com,+12345670075,Male
76,Customer_76,customer76@example.com,+12345670076,Female
77,Customer_77,customer77@example.com,+12345670077,Male
78,Customer_78,customer78@example.com,+12345670078,Female
79,Customer_79,customer79@example.com,+12345670079,Male
80,Customer_80,customer80@example.com,+12345670080,Male
81,Customer_81,customer81@example.com,+12345670081,Male
82,Customer_82,customer82@example.com,+12345670082,Female
83,Customer_83,customer83@example.com,+12345670083,Male
84,Customer_84,customer84@example.com,+12345670084,Male
85,Customer_85,customer85@example.com,+12345670085,Male
86,Customer_86,customer86@example.com,+12345670086,Male
87,Customer_87,customer87@example.com,+12345670087,Male
88,Customer_88,customer88@example.com,+12345670088,Male
89,Customer_89,customer89@example.com,+12345670089,Female
90,Customer_90,customer90@example.com,+12345670090,Male
91,Customer_91,customer91@example.com,+12345670091,Female
92,Customer_92,customer92@example.com,+12345670092,Female
93,Customer_93,customer93@example.com,+12345670093,Female
94,Customer_94,customer94@example.com,+12345670094,Male
95,Customer_95,customer95@example.com,+12345670095,Male
96,Customer_96,customer96@example.com,+12345670096,Male
97,Customer_97,customer97@example.com,+12345670097,Female
98,Customer_98,customer98@example.com,+12345670098,Male
99,Customer_99,customer99@example.com,+12345670099,Male
100,Customer_100,customer100@example.com,+12345670100,Female
101,Customer_101,customer101@example.com,+12345670101,Male
102,Customer_102,customer102@example.com,+12345670102,Male
103,Customer_103,customer103@example.com,+12345670103,Male
104,Customer_104,customer104@example.com,+12345670104,Female
105,Customer_105,customer105@example.com,+12345670105,Male
106,Customer_106,customer106@example.com,+12345670106,Female
107,Customer_107,customer107@example.com,+12345670107,Female
108,Customer_108,customer108@example.com,+12345670108,Male
109,Customer_109,customer109@example.com,+12345670109,Female
110,Customer_110,customer110@example.com,+12345670110,Female
111,Customer_111,customer111@example.com,+12345670111,Female
112,Customer_112,customer112@example.com,+12345670112,Female
113,Customer_113,customer113@example.com,+12345670113,Female
114,Customer_114,customer114@example.com,+12345670114,Male
115,Customer_115,customer115@example.com,+12345670115,Male
116,Customer_116,customer116@example.com,+12345670116,Male
117,Customer_117,customer117@example.com,+12345670117,Female
118,Customer_118,customer118@example.com,+12345670118,Female
119,Customer_119,customer119@example.com,+12345670119,Female
120,Customer_120,customer120@example.com,+12345670120,Male
121,Customer_121,customer121@example.com,+12345670121,Male
122,Customer_122,customer122@example.com,+12345670122,Female
123,Customer_123,customer123@example.com,+12345670123,Male
124,Customer_124,customer124@example.com,+12345670124,Female
125,Customer_125,customer125@example.com,+12345670125,Male
126,Customer_126,customer126@example.com,+12345670126,Male
127,Customer_127,customer127@example.com,+12345670127,Male
128,Customer_128,customer128@example.com,+12345670128,Male
129,Customer_129,customer129@example.com,+12345670129,Female
130,Customer_130,customer130@example.com,+12345670130,Male
131,Customer_131,customer131@example.com,+12345670131,Male
132,Customer_132,customer132@example.com,+12345670132,Female
133,Customer_133,customer133@example.com,+12345670133,Female
134,Customer_134,customer134@example.com,+12345670134,Male
135,Customer_135,customer135@example.com,+12345670135,Male
136,Customer_136,customer136@example.com,+12345670136,Female
137,Customer_137,customer137@example.com,+12345670137,Female
138,Customer_138,customer138@example.com,+12345670138,Female
139,Customer_139,customer139@example.com,+12345670139,Male
140,Customer_140,customer140@example.com,+12345670140,Male
141,Customer_141,customer141@example.com,+12345670141,Female
142,Customer_142,customer142@example.com,+12345670142,Male
143,Customer_143,customer143@example.com,+12345670143,Female
144,Customer_144,customer144@example.com,+12345670144,Male
145,Customer_145,customer145@example.com,+12345670145,Female
146,Customer_146,customer146@example.com,+12345670146,Female
147,Customer_147,customer147@example.com,+12345670147,Male
148,Customer_148,customer148@example.com,+12345670148,Male
149,Customer_149,customer149@example.com,+12345670149,Female
150,Customer_150,customer150@example.com,+12345670150,Female
151,Customer_151,customer151@example.com,+12345670151,Female
152,Customer_152,customer152@example.com,+12345670152,Male
153,Customer_153,customer153@example.com,+12345670153,Female
154,Customer_154,customer154@example.com,+12345670154,Female
155,Customer_155,customer155@example.com,+12345670155,Male
156,Customer_156,customer156@example.com,+12345670156,Male
157,Customer_157,customer157@example.com,+12345670157,Female
158,Customer_158,customer158@example.com,+12345670158,Male
159,Customer_159,customer159@example.com,+12345670159,Female
160,Customer_160,customer160@example.com,+12345670160,Female
161,Customer_161,customer161@example.com,+12345670161,Male
162,Customer_162,customer162@example.com,+12345670162,Female
163,Customer_163,customer163@example.com,+12345670163,Female
164,Customer_164,customer164@example.com,+12345670164,Male
165,Customer_165,customer165@example.com,+12345670165,Female
166,Customer_166,customer166@example.com,+12345670166,Female
167,Customer_167,customer167@example.com,+12345670167,Male
168,Customer_168,customer168@example.com,+12345670168,Male
169,Customer_169,customer169@example.com,+12345670169,Female
170,Customer_170,customer170@example.com,+12345670170,Male
171,Customer_171,customer171@example.com,+12345670171,Female
172,Customer_172,customer172@example.com,+12345670172,Female
173,Customer_173,customer173@example.com,+12345670173,Male
174,Customer_174,customer174@example.com,+12345670174,Male
175,Customer_175,customer175@example.com,+12345670175,Male
176,Customer_176,customer176@example.com,+12345670176,Male
177,Customer_177,customer177@example.com,+12345670177,Male
178,Customer_178,customer178@example.com,+12345670178,Male
179,Customer_179,customer179@example.com,+12345670179,Female
180,Customer_180,customer180@example.com,+12345670180,Female
181,Customer_181,customer181@example.com,+12345670181,Female
182,Customer_182,customer182@example.com,+12345670182,Female
183,Customer_183,customer183@example.com,+12345670183,Male
184,Customer_184,customer184@example.com,+12345670184,Male
185,Customer_185,customer185@example.com,+12345670185,Male
186,Customer_186,customer186@example.com,+12345670186,Female
187,Customer_187,customer187@example.com,+12345670187,Female
188,Customer_188,customer188@example.com,+12345670188,Female
189,Customer_189,customer189@example.com,+12345670189,Male
190,Customer_190,customer190@example.com,+12345670190,Female
191,Customer_191,customer191@example.com,+12345670191,Male
192,Customer_192,customer192@example.com,+12345670192,Male
193,Customer_193,customer193@example.com,+12345670193,Female
194,Customer_194,customer194@example.com,+12345670194,Male
195,Customer_195,customer195@example.com,+12345670195,Male
196,Customer_196,customer196@example.com,+12345670196,Female
197,Customer_197,customer197@example.com,+12345670197,Male
198,Customer_198,customer198@example.com,+12345670198,Male
199,Customer_199,customer199@example.com,+12345670199,Male
200,Customer_200,customer200@example.com,+12345670200,Male
